{"specId":7279,"childSpecId":0,"specName":"USB Giri? Tipi","elementType":"Combo","required":false,"showOnSearch":true,"order":43,"specListNumber":5,"variant":false,"variantOrder":999,"shortDescription":null,"categorySpecDataTypeList":[{"specDataId":957133,"specDataName":"Micro USB","order":10,"hasVariant":false,"hasChild":false,"parentId":957131,"variantOrder":10},{"specDataId":957134,"specDataName":"Mini USB","order":20,"hasVariant":false,"hasChild":false,"parentId":957131,"variantOrder":20},{"specDataId":957135,"specDataName":"USB C","order":30,"hasVariant":false,"hasChild":false,"parentId":957131,"variantOrder":30},{"specDataId":978042,"specDataName":"Yok","order":40,"hasVariant":false,"hasChild":false,"parentId":957132,"variantOrder":40},{"specDataId":978043,"specDataName":"Belirtilmemi?","order":50,"hasVariant":false,"hasChild":false,"parentId":0,"variantOrder":50}]}