{
"1cd": "Kedi Mamasý",
"1de": "Köpek Mamasý",
"1dg": "Köpek Tasmasý, Aðýzlýðý",
"1fd": "Balýk Yemi",
"3fa": "Erkek",
"3fb": "Kadýn",
"aba": "Baský",
"ash": "Fotoðraf",
"ba": "iPad, Tablet",
"bd": "Dizüstü (Laptop), Notebook Bilgisayar",
"be": "Masaüstü (Desktop) Bilgisayar",
"bib": "Kartuþ",
"bic": "Toner",
"blc": "SSD (Solid State Drive)",
"bmo": "Adaptör, Çevirici",
"bnb": "Ekran, LCD Panel",
"bnh": "Yedek Parça",
"bnj": "Klavye",
"bob": "Çanta, Kýlýf, Aský",
"bona": "Ekran, LCD Panel",
"bpa": "Adaptör, Þarj Cihazý",
"bpb": "Batarya (Pil)",
"bph": "Klavye, Mouse",
"bsb": "Batarya, Pil Þarj Cihazý",
"bz": "Diðer Bilgisayar",
"cih": "Halý",
"ckdg": "Kanvas Tablo",
"cky": "Mekan Parfümleri",
"cun": "Nevresim, Uyku Seti",
"cz": "Diðer Ev & Dekorasyon",
"edc": "Spor Ceket",
"ef": "Kumaþ",
"ekc": "Çanta, Cüzdan",
"ez": "Diðer Giyim",
"fdag": "Türkçe",
"fde": "Harita",
"fj": "Ýmzalý Ürün",
"fosf": "1960 ve sonrasý",
"fot": "Tematik Kartpostal",
"gu": "Tripod, Monopod",
"ha": "DVD Film",
"ia": "Action Figure",
"idf": "Kamyon, Týr",
"iib": "3-6 Yaþ",
"ilm": "Eðitici, Geliþtirici Oyuncak",
"iz": "Diðer Oyuncak",
"jna": "Bel Korsesi",
"jok": "Outdoor Ekipmanlarý",
"k3k": "Araþtýrma, Ýnceleme",
"k3z": "Diðer Tarih Kitaplarý",
"kdb": "Edebiyat",
"kfk": "Hikaye, Öykü",
"kfz": "Diðer Çocuk Kitaplarý",
"kgd": "Ýslam",
"kha": "Yerli (Türkçe)",
"kjz": "Diðer Dergi",
"kld": "Ders Kitaplarý",
"klh": "Sýnavlara Hazýrlýk Kitaplarý",
"klz": "Diðer Eðitim Kitaplarý",
"kn5": "Roman",
"kna": "Aný, Mektup, Günlük",
"knb": "Aþk Roman ve Öyküleri",
"knj": "Klasikler",
"knm": "Deneme, Ýnceleme",
"knt": "Dünya Edebiyatý",
"knu": "Þiir",
"knz": "Diðer Edebiyat",
"krz": "Diðer Genel Konular",
"kvz": "Diðer Ýnsan ve Toplum",
"kz": "Diðer Kitaplar",
"la": "Tele-Pazarlama Ürünleri",
"mbf": "Kolye",
"mff": "Kolye",
"mfyy": "Yüzük",
"mskb": "Erkek Kol Saati",
"mskc": "Kadýn Kol Saati",
"paa": "Yerli",
"pac": "Yabancý",
"pdb": "Yerli",
"phbb": "Yabancý 33 Devir",
"phda": "Yerli 45 Devir",
"phdb": "Yabancý 45 Devir",
"pk": "Nota",
"rg1af": "Halý, Paspas",
"rg1ak": "Konsol Kaplama",
"rg1ao": "Perde, Güneþlik",
"rg1bd": "Branda, Örtü",
"rg1bl": "Krom, Kaplama",
"rg1bs": "Tampon",
"rg1cf": "Rüzgarlýk",
"rgz": "Diðer Yedek Parça, Aksesuar",
"taf": "Kýlýf, Aský",
"tah": "Ekran Koruyucu",
"taz": "Diðer Cep Telefonu Aksesuar",
"tc": "Cep Telefonu",
"tuca": "Kasa, Kapak",
"tucc": "LCD Ekran",
"tucf": "Batarya, Pil",
"tz": "Diðer Cep Telefonu & Aksesuar",
"zye": "Yazý Tahtasý Folyosu"
}